{"PlayerName":"Name","StarsCollected":0,"CoinsCollected":0,"GoldCoinsCollected":25,"DiamondCoinsCollected":0,"MusicVolume":1.0,"SFXVolume":1.0,"AutoRetryEnabled":true,"AutoCheckpointsEnabled":true,"ProgressBarEnabled":true,"ShowPercentEnabled":true,"PlayerColor1":{"r":0.2979051,"g":0.9686275,"b":0.00392157165},"PlayerColor2":{"r":0.649061441,"g":0.4065975,"b":0.9686275},"myDictionary":{"gamemode":[0,1,0,1,0,1,0,1,0,1,0,1,0,1,0,1,0,1,0,1,0,1,0,1,0,1,0,1,0,1,0,1,0,1,0,1,0,1,0,1,0,1,0,1,0,1,0,1,0,1,0,1,0,1,0,1,0,1,0,1,0,1,0,1,0,1,0,1,0,1,0,1,0,1,0,1,0,1,0,1,0,1,0,1,0,1,0,1,0,1,0,1,0,1,0,1,0,1,0,1,0,1,0,1,0,1,0,1,0,1,0,1,0,1,0,1,0,1,0,1,0,1,0,1,0,1,0,1,0,1,0,1,0,1,0,1,0,1,0,1,0,1,0,1,0,1,0,1,0,1,0,1,0,1,0,1,0,1,0,1,0,1,0,1,0,1,0,1,0,1,0,1,0,1,0,1,0,1,0,1,0,1,0,1,0,1,0,1,0,1,0,1,0,1,0,1,0,1,0,1,0,1,0,1,0,1,0,1,0,1,0,1,0,1,0,1,0,1,0,1,0,1,0,1,0,1,0,1,0,1,0,1,0,1,0,1,0,1,0,1,0,1,0,1,0,1,0,1,0,1,0,1,0,1,0,1,0,1,0,1,0,1,0,1,0,1,0,1,0,1,0,1,0,1,0,1,0,1,0,1,0,1,0,1,0,1,0,1,0,1,0,1],"cubeIndex":[1,0,3,2],"shipIndex":[2,0]},"IconData":[{"Gamemode":0,"Index":2},{"Gamemode":1,"Index":2}],"LevelData":[{"Name":"Stereo Madness","NormalPercent":0.852835357,"PracticePercent":0.624646366,"GottenCoins":[false,false,false],"TotalAttempts":0,"TotalJumps":1265,"CompletedLevel":false,"CompletedLevelPractice":false},{"Name":"Back On Track","NormalPercent":0.0,"PracticePercent":0.0,"GottenCoins":[false,false,false],"TotalAttempts":0,"TotalJumps":7,"CompletedLevel":false,"CompletedLevelPractice":false}]}